V1,V2,V3,V4,V5,V6,V7,V8,V9,V10,V11,V12,V13,V14,V15,V16,V17,V18,V19,V20,V21,V22,V23,V24,V25,V26,V27,V28,V29,V30,V31,V32,V33,V34,V35,V36,V37,V38,V39,V40,V41,V42,V43,V44,V45,V46,V47,V48,V49,V50,V51,V52,V53,V54,V55,V56,V57,V58
1,0.4444444444444444,0.5625,0.53125,0.6666666666666666,0.5483870967741935,0.59375,0.6333333333333333,0.5666666666666667,0.59375,0.7,0.5454545454545454,0.59375,0.5806451612903226,0.5806451612903226,0.5625,0.53125,0.5,0.5,0.6129032258064516,0.6206896551724138,0.59375,0.4411764705882353,0.5757575757575758,0.5,0.5454545454545454,0.7142857142857143,0.42857142857142855,0.6,0.5806451612903226,0.5517241379310345,0.4411764705882353,0.6333333333333333,0.5,0.5151515151515151,0.6333333333333333,0.5151515151515151,0.5,0.6666666666666666,0.5,0.6,0.5151515151515151,0.5806451612903226,0.53125,0.5,0.6206896551724138,0.4857142857142857,0.5806451612903226,0.59375,0.5625,0.6333333333333333,0.5483870967741935,0.53125,0.5172413793103449,0.39285714285714285,0.5172413793103449,0.41935483870967744,0.4838709677419355
0.4444444444444444,1,0.5757575757575758,0.59375,0.625,0.6129032258064516,0.5142857142857142,0.6451612903225806,0.48484848484848486,0.6060606060606061,0.5588235294117647,0.65625,0.7096774193548387,0.5454545454545454,0.7586206896551724,0.7333333333333333,0.5454545454545454,0.358974358974359,0.5625,0.5757575757575758,0.53125,0.65625,0.5,0.6875,0.7096774193548387,0.65625,0.6129032258064516,0.625,0.5625,0.6451612903225806,0.6206896551724138,0.59375,0.5454545454545454,0.5151515151515151,0.625,0.59375,0.5294117647058824,0.6129032258064516,0.5757575757575758,0.6060606060606061,0.6129032258064516,0.5757575757575758,0.45714285714285713,0.7586206896551724,0.5151515151515151,0.5806451612903226,0.4594594594594595,0.59375,0.6060606060606061,0.625,0.59375,0.6129032258064516,0.7,0.4838709677419355,0.41379310344827586,0.4838709677419355,0.4838709677419355,0.5
0.5625,0.5757575757575758,1,0.4,0.6666666666666666,0.6551724137931034,0.45714285714285713,0.6333333333333333,0.42424242424242425,0.7586206896551724,0.5454545454545454,0.6451612903225806,0.6451612903225806,0.75,0.6333333333333333,0.5625,0.6896551724137931,0.4166666666666667,0.5483870967741935,0.5625,0.5161290322580645,0.5454545454545454,0.6333333333333333,0.6774193548387096,0.5454545454545454,0.6451612903225806,0.6,0.5625,0.5483870967741935,0.6333333333333333,0.6666666666666666,0.53125,0.5806451612903226,0.5,0.5625,0.6896551724137931,0.47058823529411764,0.6551724137931034,0.5151515151515151,0.59375,0.6,0.42857142857142855,0.48484848484848486,0.6896551724137931,0.6551724137931034,0.46875,0.5757575757575758,0.48484848484848486,0.59375,0.5625,0.6333333333333333,0.7142857142857143,0.6333333333333333,0.4666666666666667,0.4444444444444444,0.4666666666666667,0.5172413793103449,0.5862068965517241
0.53125,0.59375,0.4,1,0.5806451612903226,0.46875,0.6129032258064516,0.45454545454545453,0.7692307692307693,0.47058823529411764,0.6129032258064516,0.5625,0.6129032258064516,0.45454545454545453,0.6,0.6333333333333333,0.45454545454545453,0.3888888888888889,0.46875,0.6333333333333333,0.5333333333333333,0.6666666666666666,0.37142857142857144,0.59375,0.6129032258064516,0.5151515151515151,0.5666666666666667,0.48484848484848486,0.5666666666666667,0.5483870967741935,0.5172413793103449,0.45454545454545453,0.45454545454545453,0.5161290322580645,0.5806451612903226,0.45454545454545453,0.5806451612903226,0.5161290322580645,0.6333333333333333,0.42857142857142855,0.5666666666666667,0.48484848484848486,0.45454545454545453,0.5,0.38235294117647056,0.7692307692307693,0.34210526315789475,0.6,0.5151515151515151,0.5806451612903226,0.45454545454545453,0.46875,0.5,0.5925925925925926,0.4074074074074074,0.5357142857142857,0.3870967741935484,0.40625
0.6666666666666666,0.625,0.6666666666666666,0.5806451612903226,1,0.6,0.59375,0.6896551724137931,0.5666666666666667,0.6451612903225806,0.7,0.7,0.6451612903225806,0.6333333333333333,0.75,0.7241379310344828,0.5806451612903226,0.3783783783783784,0.6551724137931034,0.6666666666666666,0.5161290322580645,0.7586206896551724,0.48484848484848486,0.6774193548387096,0.7,0.6451612903225806,0.6551724137931034,0.5151515151515151,0.6551724137931034,0.6333333333333333,0.6666666666666666,0.53125,0.75,0.45454545454545453,0.6129032258064516,0.6896551724137931,0.5151515151515151,0.6551724137931034,0.5625,0.59375,0.6551724137931034,0.5151515151515151,0.5806451612903226,0.6896551724137931,0.5483870967741935,0.6785714285714286,0.4857142857142857,0.6896551724137931,0.59375,0.5625,0.6333333333333333,0.6551724137931034,0.5806451612903226,0.6296296296296297,0.5,0.5714285714285714,0.5172413793103449,0.5333333333333333
0.5483870967741935,0.6129032258064516,0.6551724137931034,0.46875,0.6,1,0.4411764705882353,0.6785714285714286,0.45161290322580644,0.6896551724137931,0.53125,0.53125,0.75,0.5666666666666667,0.8076923076923077,0.6,0.5666666666666667,0.3611111111111111,0.6428571428571429,0.6,0.5517241379310345,0.53125,0.5666666666666667,0.7241379310344828,0.53125,0.6896551724137931,0.6428571428571429,0.6,0.5333333333333333,0.5666666666666667,0.72,0.6206896551724138,0.5666666666666667,0.5333333333333333,0.5,0.7407407407407407,0.5483870967741935,0.5862068965517241,0.5483870967741935,0.5806451612903226,0.6428571428571429,0.4117647058823529,0.5666666666666667,0.6206896551724138,0.5333333333333333,0.5,0.5151515151515151,0.46875,0.6333333333333333,0.6,0.6785714285714286,0.5862068965517241,0.6785714285714286,0.5,0.48,0.5,0.5,0.6923076923076923
0.59375,0.5142857142857142,0.45714285714285713,0.6129032258064516,0.59375,0.4411764705882353,1,0.3888888888888889,0.5483870967741935,0.5757575757575758,0.7333333333333333,0.5294117647058824,0.5757575757575758,0.47058823529411764,0.5625,0.6451612903225806,0.5625,0.5757575757575758,0.3611111111111111,0.6451612903225806,0.5,0.5757575757575758,0.47058823529411764,0.7096774193548387,0.4444444444444444,0.6774193548387096,0.48484848484848486,0.4166666666666667,0.6896551724137931,0.5625,0.4838709677419355,0.47058823529411764,0.6129032258064516,0.5806451612903226,0.59375,0.47058823529411764,0.5,0.6896551724137931,0.5454545454545454,0.5294117647058824,0.53125,0.5,0.5151515151515151,0.47058823529411764,0.5806451612903226,0.6551724137931034,0.358974358974359,0.6666666666666666,0.4857142857142857,0.5454545454545454,0.5151515151515151,0.48484848484848486,0.5151515151515151,0.5517241379310345,0.3793103448275862,0.5,0.36363636363636365,0.38235294117647056
0.6333333333333333,0.6451612903225806,0.6333333333333333,0.45454545454545453,0.6896551724137931,0.6785714285714286,0.3888888888888889,1,0.4838709677419355,0.5625,0.5625,0.5625,0.7241379310344828,0.6,0.7142857142857143,0.5806451612903226,0.6,0.3157894736842105,0.7407407407407407,0.53125,0.4838709677419355,0.6666666666666666,0.5,0.59375,0.6666666666666666,0.5625,0.6785714285714286,0.5806451612903226,0.5161290322580645,0.6551724137931034,0.6296296296296297,0.6,0.6,0.5161290322580645,0.53125,0.7777777777777778,0.48484848484848486,0.5161290322580645,0.6333333333333333,0.6129032258064516,0.6206896551724138,0.48484848484848486,0.5483870967741935,0.7777777777777778,0.46875,0.5333333333333333,0.5,0.6,0.6666666666666666,0.53125,0.7142857142857143,0.6206896551724138,0.6,0.43333333333333335,0.4074074074074074,0.43333333333333335,0.4827586206896552,0.5517241379310345
0.5666666666666667,0.48484848484848486,0.42424242424242425,0.7692307692307693,0.5666666666666667,0.45161290322580644,0.5483870967741935,0.4838709677419355,1,0.4117647058823529,0.6,0.45454545454545453,0.5483870967741935,0.4838709677419355,0.5333333333333333,0.5161290322580645,0.4375,0.4117647058823529,0.5,0.6785714285714286,0.5172413793103449,0.6,0.3939393939393939,0.53125,0.5483870967741935,0.5,0.5517241379310345,0.42424242424242425,0.5517241379310345,0.5862068965517241,0.5,0.4375,0.4838709677419355,0.45161290322580644,0.5666666666666667,0.4375,0.5666666666666667,0.45161290322580644,0.6785714285714286,0.4117647058823529,0.5517241379310345,0.46875,0.4838709677419355,0.5333333333333333,0.40625,0.76,0.3611111111111111,0.6428571428571429,0.5,0.5666666666666667,0.5333333333333333,0.5,0.4375,0.5769230769230769,0.38461538461538464,0.5185185185185185,0.41379310344827586,0.43333333333333335
0.59375,0.6060606060606061,0.7586206896551724,0.47058823529411764,0.6451612903225806,0.6896551724137931,0.5757575757575758,0.5625,0.4117647058823529,1,0.4857142857142857,0.7333333333333333,0.6774193548387096,0.6666666666666666,0.6666666666666666,0.6451612903225806,0.7241379310344828,0.4857142857142857,0.48484848484848486,0.5454545454545454,0.6551724137931034,0.4857142857142857,0.6129032258064516,0.8275862068965517,0.4857142857142857,0.6774193548387096,0.6333333333333333,0.7,0.5806451612903226,0.5625,0.7037037037037037,0.5625,0.5625,0.5806451612903226,0.59375,0.6129032258064516,0.5454545454545454,0.75,0.5,0.625,0.5806451612903226,0.5454545454545454,0.5151515151515151,0.6129032258064516,0.75,0.5,0.6060606060606061,0.5151515151515151,0.5757575757575758,0.6451612903225806,0.5625,0.6896551724137931,0.6666666666666666,0.5,0.48148148148148145,0.5,0.5,0.6206896551724138
0.7,0.5588235294117647,0.5454545454545454,0.6129032258064516,0.7,0.53125,0.7333333333333333,0.5625,0.6,0.4857142857142857,1,0.5294117647058824,0.625,0.5151515151515151,0.6666666666666666,0.59375,0.5625,0.4444444444444444,0.53125,0.6451612903225806,0.45454545454545453,0.7931034482758621,0.42857142857142855,0.6060606060606061,0.625,0.5757575757575758,0.5806451612903226,0.3783783783783784,0.6896551724137931,0.6666666666666666,0.5333333333333333,0.47058823529411764,0.7241379310344828,0.48484848484848486,0.5454545454545454,0.6129032258064516,0.5,0.5806451612903226,0.59375,0.5294117647058824,0.5806451612903226,0.45714285714285713,0.5625,0.6129032258064516,0.48484848484848486,0.7142857142857143,0.39473684210526316,0.6666666666666666,0.5757575757575758,0.5,0.6129032258064516,0.53125,0.5625,0.6071428571428571,0.42857142857142855,0.5517241379310345,0.40625,0.42424242424242425
0.5454545454545454,0.65625,0.6451612903225806,0.5625,0.7,0.53125,0.5294117647058824,0.5625,0.45454545454545453,0.7333333333333333,0.5294117647058824,1,0.5757575757575758,0.6666666666666666,0.6129032258064516,0.7,0.6129032258064516,0.3684210526315789,0.5806451612903226,0.5,0.6,0.5757575757575758,0.47058823529411764,0.7096774193548387,0.625,0.5757575757575758,0.6333333333333333,0.5454545454545454,0.5806451612903226,0.5625,0.5862068965517241,0.47058823529411764,0.6129032258064516,0.4411764705882353,0.6451612903225806,0.5151515151515151,0.5,0.6333333333333333,0.45714285714285713,0.5757575757575758,0.5806451612903226,0.5,0.47058823529411764,0.6129032258064516,0.53125,0.5483870967741935,0.4722222222222222,0.5625,0.625,0.5454545454545454,0.5151515151515151,0.6333333333333333,0.5625,0.5,0.42857142857142855,0.45161290322580644,0.40625,0.46875
0.59375,0.7096774193548387,0.6451612903225806,0.6129032258064516,0.6451612903225806,0.75,0.5757575757575758,0.7241379310344828,0.5483870967741935,0.6774193548387096,0.625,0.5757575757575758,1.08,0.5625,0.7857142857142857,0.59375,0.6129032258064516,0.4857142857142857,0.5806451612903226,0.6451612903225806,0.5,0.7333333333333333,0.5625,0.7096774193548387,0.625,0.625,0.5806451612903226,0.6451612903225806,0.6896551724137931,0.6129032258064516,0.6428571428571429,0.6129032258064516,0.5151515151515151,0.75,0.5454545454545454,0.7241379310344828,0.59375,0.6333333333333333,0.6451612903225806,0.7333333333333333,0.5806451612903226,0.5454545454545454,0.5151515151515151,0.7241379310344828,0.53125,0.6551724137931034,0.5588235294117647,0.5625,0.5757575757575758,0.6451612903225806,0.6129032258064516,0.6333333333333333,0.6666666666666666,0.5517241379310345,0.48148148148148145,0.5517241379310345,0.5,0.5666666666666667
0.5806451612903226,0.5454545454545454,0.75,0.45454545454545453,0.6333333333333333,0.5666666666666667,0.47058823529411764,0.6,0.4838709677419355,0.6666666666666666,0.5151515151515151,0.6666666666666666,0.5625,1,0.5483870967741935,0.53125,0.7142857142857143,0.3888888888888889,0.6206896551724138,0.5806451612903226,0.5333333333333333,0.5151515151515151,0.6,0.6451612903225806,0.5625,0.6666666666666666,0.6206896551724138,0.53125,0.5161290322580645,0.7142857142857143,0.6296296296296297,0.45454545454545453,0.5483870967741935,0.46875,0.6896551724137931,0.5483870967741935,0.4411764705882353,0.5666666666666667,0.53125,0.5625,0.5666666666666667,0.4411764705882353,0.5,0.6551724137931034,0.6206896551724138,0.5333333333333333,0.45714285714285713,0.5483870967741935,0.6666666666666666,0.5806451612903226,0.5483870967741935,0.7407407407407407,0.5483870967741935,0.43333333333333335,0.4074074074074074,0.43333333333333335,0.4827586206896552,0.5
0.5806451612903226,0.7586206896551724,0.6333333333333333,0.6,0.75,0.8076923076923077,0.5625,0.7142857142857143,0.5333333333333333,0.6666666666666666,0.6666666666666666,0.6129032258064516,0.7857142857142857,0.5483870967741935,1,0.75,0.5483870967741935,0.3888888888888889,0.6206896551724138,0.6896551724137931,0.5862068965517241,0.6666666666666666,0.5483870967741935,0.8214285714285714,0.6666666666666666,0.7241379310344828,0.6785714285714286,0.5806451612903226,0.6785714285714286,0.6551724137931034,0.76,0.7142857142857143,0.6551724137931034,0.5161290322580645,0.5806451612903226,0.7777777777777778,0.53125,0.6785714285714286,0.5806451612903226,0.6666666666666666,0.6785714285714286,0.48484848484848486,0.6,0.7142857142857143,0.5161290322580645,0.6428571428571429,0.5454545454545454,0.5483870967741935,0.6129032258064516,0.53125,0.7777777777777778,0.5666666666666667,0.7777777777777778,0.5925925925925926,0.52,0.5925925925925926,0.5925925925925926,0.6071428571428571
0.5625,0.7333333333333333,0.5625,0.6333333333333333,0.7241379310344828,0.6,0.6451612903225806,0.5806451612903226,0.5161290322580645,0.6451612903225806,0.59375,0.7,0.59375,0.53125,0.75,1,0.48484848484848486,0.4166666666666667,0.5483870967741935,0.6129032258064516,0.6206896551724138,0.59375,0.53125,0.7333333333333333,0.59375,0.7586206896551724,0.6551724137931034,0.5625,0.6,0.6333333333333333,0.6666666666666666,0.5806451612903226,0.6896551724137931,0.45454545454545453,0.6666666666666666,0.6333333333333333,0.5151515151515151,0.6551724137931034,0.6129032258064516,0.5454545454545454,0.6551724137931034,0.5625,0.5806451612903226,0.6333333333333333,0.5483870967741935,0.6206896551724138,0.4857142857142857,0.5806451612903226,0.59375,0.5625,0.6333333333333333,0.6,0.6333333333333333,0.5714285714285714,0.5,0.5172413793103449,0.5172413793103449,0.5333333333333333
0.53125,0.5454545454545454,0.6896551724137931,0.45454545454545453,0.5806451612903226,0.5666666666666667,0.5625,0.6,0.4375,0.7241379310344828,0.5625,0.6129032258064516,0.6129032258064516,0.7142857142857143,0.5483870967741935,0.48484848484848486,1,0.3888888888888889,0.5161290322580645,0.53125,0.4838709677419355,0.5151515151515151,0.6,0.7,0.5625,0.6129032258064516,0.6206896551724138,0.6333333333333333,0.5161290322580645,0.7142857142857143,0.6296296296296297,0.5,0.5483870967741935,0.6206896551724138,0.53125,0.6551724137931034,0.48484848484848486,0.6785714285714286,0.48484848484848486,0.5625,0.6785714285714286,0.4411764705882353,0.5483870967741935,0.6551724137931034,0.7407407407407407,0.5333333333333333,0.4166666666666667,0.6551724137931034,0.6666666666666666,0.5806451612903226,0.5483870967741935,0.7407407407407407,0.5483870967741935,0.43333333333333335,0.4074074074074074,0.43333333333333335,0.43333333333333335,0.5517241379310345
0.5,0.358974358974359,0.4166666666666667,0.3888888888888889,0.3783783783783784,0.3611111111111111,0.5757575757575758,0.3157894736842105,0.4117647058823529,0.4857142857142857,0.4444444444444444,0.3684210526315789,0.4857142857142857,0.3888888888888889,0.3888888888888889,0.4166666666666667,0.3888888888888889,1,0.1951219512195122,0.5,0.5,0.3684210526315789,0.47058823529411764,0.4722222222222222,0.2682926829268293,0.5294117647058824,0.4,0.34210526315789475,0.48484848484848486,0.42857142857142855,0.3939393939393939,0.47058823529411764,0.3888888888888889,0.48484848484848486,0.4166666666666667,0.3888888888888889,0.4166666666666667,0.4411764705882353,0.45714285714285713,0.4444444444444444,0.4,0.5,0.3888888888888889,0.3888888888888889,0.53125,0.4117647058823529,0.5142857142857142,0.3888888888888889,0.3333333333333333,0.45714285714285713,0.3888888888888889,0.4411764705882353,0.42857142857142855,0.36363636363636365,0.2903225806451613,0.40625,0.40625,0.34285714285714286
0.5,0.5625,0.5483870967741935,0.46875,0.6551724137931034,0.6428571428571429,0.3611111111111111,0.7407407407407407,0.5,0.48484848484848486,0.53125,0.5806451612903226,0.5806451612903226,0.6206896551724138,0.6206896551724138,0.5483870967741935,0.5161290322580645,0.1951219512195122,1,0.5,0.40625,0.6333333333333333,0.46875,0.5625,0.6333333333333333,0.48484848484848486,0.5333333333333333,0.5483870967741935,0.4838709677419355,0.5161290322580645,0.5357142857142857,0.42424242424242425,0.5666666666666667,0.4375,0.5483870967741935,0.6206896551724138,0.45454545454545453,0.4838709677419355,0.5,0.48484848484848486,0.5333333333333333,0.4117647058823529,0.5666666666666667,0.6206896551724138,0.3939393939393939,0.5,0.42857142857142855,0.5666666666666667,0.5806451612903226,0.45454545454545453,0.6206896551724138,0.5333333333333333,0.46875,0.4482758620689655,0.37037037037037035,0.4,0.3548387096774194,0.4666666666666667
0.6129032258064516,0.5757575757575758,0.5625,0.6333333333333333,0.6666666666666666,0.6,0.6451612903225806,0.53125,0.6785714285714286,0.5454545454545454,0.6451612903225806,0.5,0.6451612903225806,0.5806451612903226,0.6896551724137931,0.6129032258064516,0.53125,0.5,0.5,1,0.46875,0.6451612903225806,0.48484848484848486,0.6774193548387096,0.5,0.7586206896551724,0.6,0.47058823529411764,0.6,0.6333333333333333,0.6666666666666666,0.5806451612903226,0.53125,0.5483870967741935,0.5151515151515151,0.6333333333333333,0.5625,0.5483870967741935,0.7241379310344828,0.45714285714285713,0.6551724137931034,0.47058823529411764,0.53125,0.5806451612903226,0.5,0.7407407407407407,0.40540540540540543,0.6333333333333333,0.59375,0.5151515151515151,0.6896551724137931,0.5,0.5806451612903226,0.6923076923076923,0.5,0.6923076923076923,0.5714285714285714,0.5333333333333333
0.6206896551724138,0.53125,0.5161290322580645,0.5333333333333333,0.5161290322580645,0.5517241379310345,0.5,0.4838709677419355,0.5172413793103449,0.6551724137931034,0.45454545454545453,0.6,0.5,0.5333333333333333,0.5862068965517241,0.6206896551724138,0.4838709677419355,0.5,0.40625,0.46875,1,0.37142857142857144,0.5333333333333333,0.6333333333333333,0.45454545454545453,0.6,0.7307692307692307,0.5161290322580645,0.5517241379310345,0.5333333333333333,0.5555555555555556,0.5862068965517241,0.5333333333333333,0.40625,0.5666666666666667,0.4838709677419355,0.6206896551724138,0.5517241379310345,0.46875,0.6,0.6071428571428571,0.5666666666666667,0.4838709677419355,0.5333333333333333,0.6071428571428571,0.4666666666666667,0.5806451612903226,0.4375,0.6,0.5161290322580645,0.5333333333333333,0.5517241379310345,0.6428571428571429,0.36666666666666664,0.38461538461538464,0.41379310344827586,0.4642857142857143,0.5357142857142857
0.59375,0.65625,0.5454545454545454,0.6666666666666666,0.7586206896551724,0.53125,0.5757575757575758,0.6666666666666666,0.6,0.4857142857142857,0.7931034482758621,0.5757575757575758,0.7333333333333333,0.5151515151515151,0.6666666666666666,0.59375,0.5151515151515151,0.3684210526315789,0.6333333333333333,0.6451612903225806,0.37142857142857144,1,0.3888888888888889,0.5588235294117647,0.6774193548387096,0.5294117647058824,0.53125,0.45714285714285713,0.6333333333333333,0.6129032258064516,0.5333333333333333,0.47058823529411764,0.6129032258064516,0.53125,0.59375,0.6129032258064516,0.5,0.53125,0.7,0.5294117647058824,0.53125,0.5,0.47058823529411764,0.7241379310344828,0.4411764705882353,0.7142857142857143,0.39473684210526316,0.7241379310344828,0.5294117647058824,0.5454545454545454,0.5625,0.5806451612903226,0.5151515151515151,0.6071428571428571,0.42857142857142855,0.5517241379310345,0.40625,0.42424242424242425
0.4411764705882353,0.5,0.6333333333333333,0.37142857142857144,0.48484848484848486,0.5666666666666667,0.47058823529411764,0.5,0.3939393939393939,0.6129032258064516,0.42857142857142855,0.47058823529411764,0.5625,0.6,0.5483870967741935,0.53125,0.6,0.47058823529411764,0.46875,0.48484848484848486,0.5333333333333333,0.3888888888888889,1,0.5454545454545454,0.42857142857142855,0.6666666666666666,0.46875,0.5806451612903226,0.5666666666666667,0.5483870967741935,0.5172413793103449,0.6,0.4117647058823529,0.6206896551724138,0.53125,0.6,0.53125,0.6206896551724138,0.4411764705882353,0.6129032258064516,0.5161290322580645,0.53125,0.5,0.5483870967741935,0.6785714285714286,0.3939393939393939,0.59375,0.4117647058823529,0.42857142857142855,0.53125,0.5483870967741935,0.6206896551724138,0.5483870967741935,0.34375,0.35714285714285715,0.3870967741935484,0.43333333333333335,0.5
0.5757575757575758,0.6875,0.6774193548387096,0.59375,0.6774193548387096,0.7241379310344828,0.7096774193548387,0.59375,0.53125,0.8275862068965517,0.6060606060606061,0.7096774193548387,0.7096774193548387,0.6451612903225806,0.8214285714285714,0.7333333333333333,0.7,0.4722222222222222,0.5625,0.6774193548387096,0.6333333333333333,0.5588235294117647,0.5454545454545454,1.0769230769230769,0.5588235294117647,0.7096774193548387,0.6666666666666666,0.6774193548387096,0.6129032258064516,0.6451612903225806,0.8076923076923077,0.6451612903225806,0.6451612903225806,0.6129032258064516,0.625,0.6451612903225806,0.5757575757575758,0.7241379310344828,0.5757575757575758,0.65625,0.6666666666666666,0.4857142857142857,0.59375,0.6451612903225806,0.6666666666666666,0.6333333333333333,0.5,0.59375,0.65625,0.5757575757575758,0.7,0.6129032258064516,0.7586206896551724,0.6428571428571429,0.5769230769230769,0.6428571428571429,0.5862068965517241,0.6551724137931034
0.5,0.7096774193548387,0.5454545454545454,0.6129032258064516,0.7,0.53125,0.4444444444444444,0.6666666666666666,0.5483870967741935,0.4857142857142857,0.625,0.625,0.625,0.5625,0.6666666666666666,0.59375,0.5625,0.2682926829268293,0.6333333333333333,0.5,0.45454545454545453,0.6774193548387096,0.42857142857142855,0.5588235294117647,1,0.4857142857142857,0.6333333333333333,0.45714285714285713,0.5806451612903226,0.6129032258064516,0.5333333333333333,0.47058823529411764,0.5625,0.4411764705882353,0.5454545454545454,0.6129032258064516,0.45714285714285713,0.5806451612903226,0.45714285714285713,0.5294117647058824,0.6333333333333333,0.3783783783783784,0.5151515151515151,0.6666666666666666,0.4411764705882353,0.6,0.39473684210526316,0.6129032258064516,0.625,0.5,0.5625,0.5806451612903226,0.5625,0.45161290322580644,0.3793103448275862,0.40625,0.40625,0.42424242424242425
0.5454545454545454,0.65625,0.6451612903225806,0.5151515151515151,0.6451612903225806,0.6896551724137931,0.6774193548387096,0.5625,0.5,0.6774193548387096,0.5757575757575758,0.5757575757575758,0.625,0.6666666666666666,0.7241379310344828,0.7586206896551724,0.6129032258064516,0.5294117647058824,0.48484848484848486,0.7586206896551724,0.6,0.5294117647058824,0.6666666666666666,0.7096774193548387,0.4857142857142857,1.08,0.6333333333333333,0.5454545454545454,0.5806451612903226,0.7857142857142857,0.7037037037037037,0.6666666666666666,0.6666666666666666,0.48484848484848486,0.6451612903225806,0.6666666666666666,0.5454545454545454,0.6333333333333333,0.6451612903225806,0.625,0.6333333333333333,0.59375,0.5151515151515151,0.6666666666666666,0.6333333333333333,0.5483870967741935,0.5142857142857142,0.5625,0.6774193548387096,0.59375,0.6666666666666666,0.6333333333333333,0.6666666666666666,0.5,0.48148148148148145,0.5,0.6071428571428571,0.5666666666666667
0.7142857142857143,0.6129032258064516,0.6,0.5666666666666667,0.6551724137931034,0.6428571428571429,0.48484848484848486,0.6785714285714286,0.5517241379310345,0.6333333333333333,0.5806451612903226,0.6333333333333333,0.5806451612903226,0.6206896551724138,0.6785714285714286,0.6551724137931034,0.6206896551724138,0.4,0.5333333333333333,0.6,0.7307692307692307,0.53125,0.46875,0.6666666666666666,0.6333333333333333,0.6333333333333333,1,0.5,0.4838709677419355,0.7407407407407407,0.72,0.5666666666666667,0.6206896551724138,0.4375,0.5483870967741935,0.6785714285714286,0.5483870967741935,0.5333333333333333,0.6,0.48484848484848486,0.84,0.45454545454545453,0.5666666666666667,0.6785714285714286,0.5333333333333333,0.6071428571428571,0.42857142857142855,0.6206896551724138,0.75,0.5483870967741935,0.6206896551724138,0.6428571428571429,0.6206896551724138,0.5,0.48,0.5,0.5555555555555556,0.6296296296296297
0.42857142857142855,0.625,0.5625,0.48484848484848486,0.5151515151515151,0.6,0.4166666666666667,0.5806451612903226,0.42424242424242425,0.7,0.3783783783783784,0.5454545454545454,0.6451612903225806,0.53125,0.5806451612903226,0.5625,0.6333333333333333,0.34210526315789475,0.5483870967741935,0.47058823529411764,0.5161290322580645,0.45714285714285713,0.5806451612903226,0.6774193548387096,0.45714285714285713,0.5454545454545454,0.5,1,0.4117647058823529,0.53125,0.6071428571428571,0.5806451612903226,0.4,0.6551724137931034,0.47058823529411764,0.5806451612903226,0.5625,0.5483870967741935,0.5151515151515151,0.59375,0.5,0.6129032258064516,0.4411764705882353,0.5806451612903226,0.6,0.46875,0.5757575757575758,0.48484848484848486,0.5,0.6129032258064516,0.48484848484848486,0.6,0.6333333333333333,0.41935483870967744,0.4444444444444444,0.4666666666666667,0.5172413793103449,0.6428571428571429
0.6,0.5625,0.5483870967741935,0.5666666666666667,0.6551724137931034,0.5333333333333333,0.6896551724137931,0.5161290322580645,0.5517241379310345,0.5806451612903226,0.6896551724137931,0.5806451612903226,0.6896551724137931,0.5161290322580645,0.6785714285714286,0.6,0.5161290322580645,0.48484848484848486,0.4838709677419355,0.6,0.5517241379310345,0.6333333333333333,0.5666666666666667,0.6129032258064516,0.5806451612903226,0.5806451612903226,0.4838709677419355,0.4117647058823529,1,0.46875,0.4827586206896552,0.5666666666666667,0.5666666666666667,0.5333333333333333,0.6,0.5666666666666667,0.5,0.7692307692307693,0.45454545454545453,0.6333333333333333,0.5333333333333333,0.45454545454545453,0.5666666666666667,0.5666666666666667,0.5862068965517241,0.6071428571428571,0.5151515151515151,0.5666666666666667,0.4411764705882353,0.5,0.6206896551724138,0.5333333333333333,0.5666666666666667,0.5,0.37037037037037035,0.4482758620689655,0.3548387096774194,0.375
0.5806451612903226,0.6451612903225806,0.6333333333333333,0.5483870967741935,0.6333333333333333,0.5666666666666667,0.5625,0.6551724137931034,0.5862068965517241,0.5625,0.6666666666666666,0.5625,0.6129032258064516,0.7142857142857143,0.6551724137931034,0.6333333333333333,0.7142857142857143,0.42857142857142855,0.5161290322580645,0.6333333333333333,0.5333333333333333,0.6129032258064516,0.5483870967741935,0.6451612903225806,0.6129032258064516,0.7857142857142857,0.7407407407407407,0.53125,0.46875,1,0.6923076923076923,0.5483870967741935,0.6551724137931034,0.46875,0.6333333333333333,0.6551724137931034,0.48484848484848486,0.5161290322580645,0.6896551724137931,0.5625,0.6785714285714286,0.53125,0.5,0.7777777777777778,0.5666666666666667,0.6428571428571429,0.4166666666666667,0.6551724137931034,0.7241379310344828,0.5806451612903226,0.6,0.7407407407407407,0.6,0.4827586206896552,0.46153846153846156,0.4827586206896552,0.5925925925925926,0.5517241379310345
0.5517241379310345,0.6206896551724138,0.6666666666666666,0.5172413793103449,0.6666666666666666,0.72,0.4838709677419355,0.6296296296296297,0.5,0.7037037037037037,0.5333333333333333,0.5862068965517241,0.6428571428571429,0.6296296296296297,0.76,0.6666666666666666,0.6296296296296297,0.3939393939393939,0.5357142857142857,0.6666666666666666,0.5555555555555556,0.5333333333333333,0.5172413793103449,0.8076923076923077,0.5333333333333333,0.7037037037037037,0.72,0.6071428571428571,0.4827586206896552,0.6923076923076923,1,0.6296296296296297,0.6296296296296297,0.4827586206896552,0.5,0.6923076923076923,0.5517241379310345,0.5357142857142857,0.6071428571428571,0.5333333333333333,0.6538461538461539,0.5,0.5172413793103449,0.6923076923076923,0.5925925925925926,0.6153846153846154,0.46875,0.5172413793103449,0.6428571428571429,0.5517241379310345,0.6296296296296297,0.6538461538461539,0.6923076923076923,0.6956521739130435,0.7,0.6956521739130435,0.6956521739130435,0.7083333333333334
0.4411764705882353,0.59375,0.53125,0.45454545454545453,0.53125,0.6206896551724138,0.47058823529411764,0.6,0.4375,0.5625,0.47058823529411764,0.47058823529411764,0.6129032258064516,0.45454545454545453,0.7142857142857143,0.5806451612903226,0.5,0.47058823529411764,0.42424242424242425,0.5806451612903226,0.5862068965517241,0.47058823529411764,0.6,0.6451612903225806,0.47058823529411764,0.6666666666666666,0.5666666666666667,0.5806451612903226,0.5666666666666667,0.5483870967741935,0.6296296296296297,1,0.45454545454545453,0.5161290322580645,0.4411764705882353,0.6551724137931034,0.53125,0.5666666666666667,0.48484848484848486,0.6666666666666666,0.5666666666666667,0.48484848484848486,0.45454545454545453,0.6551724137931034,0.5666666666666667,0.4838709677419355,0.5454545454545454,0.45454545454545453,0.5151515151515151,0.4411764705882353,0.6,0.5161290322580645,0.7777777777777778,0.43333333333333335,0.46153846153846156,0.4827586206896552,0.5925925925925926,0.6071428571428571
0.6333333333333333,0.5454545454545454,0.5806451612903226,0.45454545454545453,0.75,0.5666666666666667,0.6129032258064516,0.6,0.4838709677419355,0.5625,0.7241379310344828,0.6129032258064516,0.5151515151515151,0.5483870967741935,0.6551724137931034,0.6896551724137931,0.5483870967741935,0.3888888888888889,0.5666666666666667,0.53125,0.5333333333333333,0.6129032258064516,0.4117647058823529,0.6451612903225806,0.5625,0.6666666666666666,0.6206896551724138,0.4,0.5666666666666667,0.6551724137931034,0.6296296296296297,0.45454545454545453,1,0.3055555555555556,0.6333333333333333,0.6,0.4411764705882353,0.5666666666666667,0.53125,0.5625,0.6206896551724138,0.48484848484848486,0.6,0.6,0.5161290322580645,0.5333333333333333,0.45714285714285713,0.6,0.6666666666666666,0.48484848484848486,0.6551724137931034,0.5666666666666667,0.5483870967741935,0.5357142857142857,0.46153846153846156,0.4827586206896552,0.4827586206896552,0.5
0.5,0.5151515151515151,0.5,0.5161290322580645,0.45454545454545453,0.5333333333333333,0.5806451612903226,0.5161290322580645,0.45161290322580644,0.5806451612903226,0.48484848484848486,0.4411764705882353,0.75,0.46875,0.5161290322580645,0.45454545454545453,0.6206896551724138,0.48484848484848486,0.4375,0.5483870967741935,0.40625,0.53125,0.6206896551724138,0.6129032258064516,0.4411764705882353,0.48484848484848486,0.4375,0.6551724137931034,0.5333333333333333,0.46875,0.4827586206896552,0.5161290322580645,0.3055555555555556,1,0.4117647058823529,0.5666666666666667,0.5483870967741935,0.5862068965517241,0.5483870967741935,0.53125,0.4838709677419355,0.5,0.42424242424242425,0.5161290322580645,0.5862068965517241,0.5517241379310345,0.42857142857142855,0.5666666666666667,0.4,0.6,0.46875,0.5333333333333333,0.5161290322580645,0.4482758620689655,0.37037037037037035,0.5,0.3548387096774194,0.4666666666666667
0.5151515151515151,0.625,0.5625,0.5806451612903226,0.6129032258064516,0.5,0.59375,0.53125,0.5666666666666667,0.59375,0.5454545454545454,0.6451612903225806,0.5454545454545454,0.6896551724137931,0.5806451612903226,0.6666666666666666,0.53125,0.4166666666666667,0.5483870967741935,0.5151515151515151,0.5666666666666667,0.59375,0.53125,0.625,0.5454545454545454,0.6451612903225806,0.5483870967741935,0.47058823529411764,0.6,0.6333333333333333,0.5,0.4411764705882353,0.6333333333333333,0.4117647058823529,1,0.4411764705882353,0.42857142857142855,0.6551724137931034,0.6129032258064516,0.5454545454545454,0.5483870967741935,0.47058823529411764,0.5806451612903226,0.5806451612903226,0.5483870967741935,0.5666666666666667,0.4444444444444444,0.6333333333333333,0.5454545454545454,0.6129032258064516,0.5806451612903226,0.6,0.53125,0.41935483870967744,0.3448275862068966,0.375,0.41935483870967744,0.4375
0.6333333333333333,0.59375,0.6896551724137931,0.45454545454545453,0.6896551724137931,0.7407407407407407,0.47058823529411764,0.7777777777777778,0.4375,0.6129032258064516,0.6129032258064516,0.5151515151515151,0.7241379310344828,0.5483870967741935,0.7777777777777778,0.6333333333333333,0.6551724137931034,0.3888888888888889,0.6206896551724138,0.6333333333333333,0.4838709677419355,0.6129032258064516,0.6,0.6451612903225806,0.6129032258064516,0.6666666666666666,0.6785714285714286,0.5806451612903226,0.5666666666666667,0.6551724137931034,0.6923076923076923,0.6551724137931034,0.6,0.5666666666666667,0.4411764705882353,1,0.4411764705882353,0.6206896551724138,0.5806451612903226,0.5625,0.7407407407407407,0.4411764705882353,0.6551724137931034,0.7142857142857143,0.5666666666666667,0.5333333333333333,0.5454545454545454,0.5483870967741935,0.6129032258064516,0.48484848484848486,0.7777777777777778,0.6206896551724138,0.6551724137931034,0.4827586206896552,0.46153846153846156,0.4827586206896552,0.5357142857142857,0.6071428571428571
0.5151515151515151,0.5294117647058824,0.47058823529411764,0.5806451612903226,0.5151515151515151,0.5483870967741935,0.5,0.48484848484848486,0.5666666666666667,0.5454545454545454,0.5,0.5,0.59375,0.4411764705882353,0.53125,0.5151515151515151,0.48484848484848486,0.4166666666666667,0.45454545454545453,0.5625,0.6206896551724138,0.5,0.53125,0.5757575757575758,0.45714285714285713,0.5454545454545454,0.5483870967741935,0.5625,0.5,0.48484848484848486,0.5517241379310345,0.53125,0.4411764705882353,0.5483870967741935,0.42857142857142855,0.4411764705882353,1,0.4117647058823529,0.5625,0.5454545454545454,0.5,0.6129032258064516,0.3611111111111111,0.53125,0.5,0.5161290322580645,0.4444444444444444,0.48484848484848486,0.59375,0.5625,0.4411764705882353,0.5,0.53125,0.5172413793103449,0.4444444444444444,0.5714285714285714,0.41935483870967744,0.5333333333333333
0.5,0.6129032258064516,0.6551724137931034,0.5161290322580645,0.6551724137931034,0.5862068965517241,0.6896551724137931,0.5161290322580645,0.45161290322580644,0.75,0.5806451612903226,0.6333333333333333,0.6333333333333333,0.5666666666666667,0.6785714285714286,0.6551724137931034,0.6785714285714286,0.4411764705882353,0.4838709677419355,0.5483870967741935,0.5517241379310345,0.53125,0.6206896551724138,0.7241379310344828,0.5806451612903226,0.6333333333333333,0.5333333333333333,0.5483870967741935,0.7692307692307693,0.5161290322580645,0.5357142857142857,0.5666666666666667,0.5666666666666667,0.5862068965517241,0.6551724137931034,0.6206896551724138,0.4117647058823529,1,0.4117647058823529,0.5806451612903226,0.6428571428571429,0.4117647058823529,0.6206896551724138,0.5666666666666667,0.7037037037037037,0.5517241379310345,0.5151515151515151,0.6206896551724138,0.48484848484848486,0.5483870967741935,0.6206896551724138,0.5862068965517241,0.6206896551724138,0.4482758620689655,0.37037037037037035,0.4,0.4,0.4666666666666667
0.6666666666666666,0.5757575757575758,0.5151515151515151,0.6333333333333333,0.5625,0.5483870967741935,0.5454545454545454,0.6333333333333333,0.6785714285714286,0.5,0.59375,0.45714285714285713,0.6451612903225806,0.53125,0.5806451612903226,0.6129032258064516,0.48484848484848486,0.45714285714285713,0.5,0.7241379310344828,0.46875,0.7,0.4411764705882353,0.5757575757575758,0.45714285714285713,0.6451612903225806,0.6,0.5151515151515151,0.45454545454545453,0.6896551724137931,0.6071428571428571,0.48484848484848486,0.53125,0.5483870967741935,0.6129032258064516,0.5806451612903226,0.5625,0.4117647058823529,1,0.45714285714285713,0.5483870967741935,0.5625,0.48484848484848486,0.6333333333333333,0.45454545454545453,0.6785714285714286,0.40540540540540543,0.6333333333333333,0.59375,0.6129032258064516,0.6333333333333333,0.5483870967741935,0.53125,0.5714285714285714,0.4444444444444444,0.5714285714285714,0.5172413793103449,0.5333333333333333
0.5,0.6060606060606061,0.59375,0.42857142857142855,0.59375,0.5806451612903226,0.5294117647058824,0.6129032258064516,0.4117647058823529,0.625,0.5294117647058824,0.5757575757575758,0.7333333333333333,0.5625,0.6666666666666666,0.5454545454545454,0.5625,0.4444444444444444,0.48484848484848486,0.45714285714285713,0.6,0.5294117647058824,0.6129032258064516,0.65625,0.5294117647058824,0.625,0.48484848484848486,0.59375,0.6333333333333333,0.5625,0.5333333333333333,0.6666666666666666,0.5625,0.53125,0.5454545454545454,0.5625,0.5454545454545454,0.5806451612903226,0.45714285714285713,1,0.4411764705882353,0.59375,0.42857142857142855,0.6666666666666666,0.5806451612903226,0.45454545454545453,0.65625,0.42857142857142855,0.5757575757575758,0.5,0.5625,0.5806451612903226,0.7241379310344828,0.36363636363636365,0.3793103448275862,0.40625,0.5,0.5161290322580645
0.6,0.6129032258064516,0.6,0.5666666666666667,0.6551724137931034,0.6428571428571429,0.53125,0.6206896551724138,0.5517241379310345,0.5806451612903226,0.5806451612903226,0.5806451612903226,0.5806451612903226,0.5666666666666667,0.6785714285714286,0.6551724137931034,0.6785714285714286,0.4,0.5333333333333333,0.6551724137931034,0.6071428571428571,0.53125,0.5161290322580645,0.6666666666666666,0.6333333333333333,0.6333333333333333,0.84,0.5,0.5333333333333333,0.6785714285714286,0.6538461538461539,0.5666666666666667,0.6206896551724138,0.4838709677419355,0.5483870967741935,0.7407407407407407,0.5,0.6428571428571429,0.5483870967741935,0.4411764705882353,1,0.37142857142857144,0.6785714285714286,0.6206896551724138,0.5862068965517241,0.6071428571428571,0.3888888888888889,0.6785714285714286,0.6896551724137931,0.5483870967741935,0.6785714285714286,0.6428571428571429,0.5666666666666667,0.5,0.4230769230769231,0.5,0.5,0.6296296296296297
0.5151515151515151,0.5757575757575758,0.42857142857142855,0.48484848484848486,0.5151515151515151,0.4117647058823529,0.5,0.48484848484848486,0.46875,0.5454545454545454,0.45714285714285713,0.5,0.5454545454545454,0.4411764705882353,0.48484848484848486,0.5625,0.4411764705882353,0.5,0.4117647058823529,0.47058823529411764,0.5666666666666667,0.5,0.53125,0.4857142857142857,0.3783783783783784,0.59375,0.45454545454545453,0.6129032258064516,0.45454545454545453,0.53125,0.5,0.48484848484848486,0.48484848484848486,0.5,0.47058823529411764,0.4411764705882353,0.6129032258064516,0.4117647058823529,0.5625,0.59375,0.37142857142857144,1,0.32432432432432434,0.5806451612903226,0.5,0.46875,0.5757575757575758,0.4411764705882353,0.45714285714285713,0.5625,0.4,0.5483870967741935,0.48484848484848486,0.41935483870967744,0.39285714285714285,0.4666666666666667,0.41935483870967744,0.3939393939393939
0.5806451612903226,0.45714285714285713,0.48484848484848486,0.45454545454545453,0.5806451612903226,0.5666666666666667,0.5151515151515151,0.5483870967741935,0.4838709677419355,0.5151515151515151,0.5625,0.47058823529411764,0.5151515151515151,0.5,0.6,0.5806451612903226,0.5483870967741935,0.3888888888888889,0.5666666666666667,0.53125,0.4838709677419355,0.47058823529411764,0.5,0.59375,0.5151515151515151,0.5151515151515151,0.5666666666666667,0.4411764705882353,0.5666666666666667,0.5,0.5172413793103449,0.45454545454545453,0.6,0.42424242424242425,0.5806451612903226,0.6551724137931034,0.3611111111111111,0.6206896551724138,0.48484848484848486,0.42857142857142855,0.6785714285714286,0.32432432432432434,1,0.45454545454545453,0.5161290322580645,0.5333333333333333,0.45714285714285713,0.5483870967741935,0.5151515151515151,0.4411764705882353,0.7142857142857143,0.46875,0.5,0.43333333333333335,0.35714285714285715,0.3870967741935484,0.43333333333333335,0.5
0.53125,0.7586206896551724,0.6896551724137931,0.5,0.6896551724137931,0.6206896551724138,0.47058823529411764,0.7777777777777778,0.5333333333333333,0.6129032258064516,0.6129032258064516,0.6129032258064516,0.7241379310344828,0.6551724137931034,0.7142857142857143,0.6333333333333333,0.6551724137931034,0.3888888888888889,0.6206896551724138,0.5806451612903226,0.5333333333333333,0.7241379310344828,0.5483870967741935,0.6451612903225806,0.6666666666666666,0.6666666666666666,0.6785714285714286,0.5806451612903226,0.5666666666666667,0.7777777777777778,0.6923076923076923,0.6551724137931034,0.6,0.5161290322580645,0.5806451612903226,0.7142857142857143,0.53125,0.5666666666666667,0.6333333333333333,0.6666666666666666,0.6206896551724138,0.5806451612903226,0.45454545454545453,1,0.6206896551724138,0.5862068965517241,0.5,0.6551724137931034,0.6666666666666666,0.5806451612903226,0.6,0.8076923076923077,0.6551724137931034,0.4827586206896552,0.46153846153846156,0.4827586206896552,0.5357142857142857,0.5517241379310345
0.5,0.5151515151515151,0.6551724137931034,0.38235294117647056,0.5483870967741935,0.5333333333333333,0.5806451612903226,0.46875,0.40625,0.75,0.48484848484848486,0.53125,0.53125,0.6206896551724138,0.5161290322580645,0.5483870967741935,0.7407407407407407,0.53125,0.3939393939393939,0.5,0.6071428571428571,0.4411764705882353,0.6785714285714286,0.6666666666666666,0.4411764705882353,0.6333333333333333,0.5333333333333333,0.6,0.5862068965517241,0.5666666666666667,0.5925925925925926,0.5666666666666667,0.5161290322580645,0.5862068965517241,0.5483870967741935,0.5666666666666667,0.5,0.7037037037037037,0.45454545454545453,0.5806451612903226,0.5862068965517241,0.5,0.5161290322580645,0.6206896551724138,1,0.45161290322580644,0.5151515151515151,0.5666666666666667,0.48484848484848486,0.6,0.5161290322580645,0.7692307692307693,0.5666666666666667,0.4,0.4230769230769231,0.4482758620689655,0.4482758620689655,0.5714285714285714
0.6206896551724138,0.5806451612903226,0.46875,0.7692307692307693,0.6785714285714286,0.5,0.6551724137931034,0.5333333333333333,0.76,0.5,0.7142857142857143,0.5483870967741935,0.6551724137931034,0.5333333333333333,0.6428571428571429,0.6206896551724138,0.5333333333333333,0.4117647058823529,0.5,0.7407407407407407,0.4666666666666667,0.7142857142857143,0.3939393939393939,0.6333333333333333,0.6,0.5483870967741935,0.6071428571428571,0.46875,0.6071428571428571,0.6428571428571429,0.6153846153846154,0.4838709677419355,0.5333333333333333,0.5517241379310345,0.5666666666666667,0.5333333333333333,0.5161290322580645,0.5517241379310345,0.6785714285714286,0.45454545454545453,0.6071428571428571,0.46875,0.5333333333333333,0.5862068965517241,0.45161290322580644,1,0.32432432432432434,0.7037037037037037,0.5483870967741935,0.5666666666666667,0.5333333333333333,0.5517241379310345,0.5333333333333333,0.7083333333333334,0.5,0.64,0.4642857142857143,0.4827586206896552
0.4857142857142857,0.4594594594594595,0.5757575757575758,0.34210526315789475,0.4857142857142857,0.5151515151515151,0.358974358974359,0.5,0.3611111111111111,0.6060606060606061,0.39473684210526316,0.4722222222222222,0.5588235294117647,0.45714285714285713,0.5454545454545454,0.4857142857142857,0.4166666666666667,0.5142857142857142,0.42857142857142855,0.40540540540540543,0.5806451612903226,0.39473684210526316,0.59375,0.5,0.39473684210526316,0.5142857142857142,0.42857142857142855,0.5757575757575758,0.5151515151515151,0.4166666666666667,0.46875,0.5454545454545454,0.45714285714285713,0.42857142857142855,0.4444444444444444,0.5454545454545454,0.4444444444444444,0.5151515151515151,0.40540540540540543,0.65625,0.3888888888888889,0.5757575757575758,0.45714285714285713,0.5,0.5151515151515151,0.32432432432432434,1,0.3076923076923077,0.39473684210526316,0.40540540540540543,0.5454545454545454,0.47058823529411764,0.59375,0.3142857142857143,0.3225806451612903,0.35294117647058826,0.5333333333333333,0.45454545454545453
0.5806451612903226,0.59375,0.48484848484848486,0.6,0.6896551724137931,0.46875,0.6666666666666666,0.6,0.6428571428571429,0.5151515151515151,0.6666666666666666,0.5625,0.5625,0.5483870967741935,0.5483870967741935,0.5806451612903226,0.6551724137931034,0.3888888888888889,0.5666666666666667,0.6333333333333333,0.4375,0.7241379310344828,0.4117647058823529,0.59375,0.6129032258064516,0.5625,0.6206896551724138,0.48484848484848486,0.5666666666666667,0.6551724137931034,0.5172413793103449,0.45454545454545453,0.6,0.5666666666666667,0.6333333333333333,0.5483870967741935,0.48484848484848486,0.6206896551724138,0.6333333333333333,0.42857142857142855,0.6785714285714286,0.4411764705882353,0.5483870967741935,0.6551724137931034,0.5666666666666667,0.7037037037037037,0.3076923076923077,1,0.5625,0.6333333333333333,0.5483870967741935,0.6206896551724138,0.45454545454545453,0.5357142857142857,0.35714285714285715,0.4827586206896552,0.3870967741935484,0.45161290322580644
0.59375,0.6060606060606061,0.59375,0.5151515151515151,0.59375,0.6333333333333333,0.4857142857142857,0.6666666666666666,0.5,0.5757575757575758,0.5757575757575758,0.625,0.5757575757575758,0.6666666666666666,0.6129032258064516,0.59375,0.6666666666666666,0.3333333333333333,0.5806451612903226,0.59375,0.6,0.5294117647058824,0.42857142857142855,0.65625,0.625,0.6774193548387096,0.75,0.5,0.4411764705882353,0.7241379310344828,0.6428571428571429,0.5151515151515151,0.6666666666666666,0.4,0.5454545454545454,0.6129032258064516,0.59375,0.48484848484848486,0.59375,0.5757575757575758,0.6896551724137931,0.45714285714285713,0.5151515151515151,0.6666666666666666,0.48484848484848486,0.5483870967741935,0.39473684210526316,0.5625,1,0.5,0.6129032258064516,0.5806451612903226,0.6129032258064516,0.45161290322580644,0.42857142857142855,0.45161290322580644,0.5,0.5666666666666667
0.5625,0.625,0.5625,0.5806451612903226,0.5625,0.6,0.5454545454545454,0.53125,0.5666666666666667,0.6451612903225806,0.5,0.5454545454545454,0.6451612903225806,0.5806451612903226,0.53125,0.5625,0.5806451612903226,0.45714285714285713,0.45454545454545453,0.5151515151515151,0.5161290322580645,0.5454545454545454,0.53125,0.5757575757575758,0.5,0.59375,0.5483870967741935,0.6129032258064516,0.5,0.5806451612903226,0.5517241379310345,0.4411764705882353,0.48484848484848486,0.6,0.6129032258064516,0.48484848484848486,0.5625,0.5483870967741935,0.6129032258064516,0.5,0.5483870967741935,0.5625,0.4411764705882353,0.5806451612903226,0.6,0.5666666666666667,0.40540540540540543,0.6333333333333333,0.5,1,0.4411764705882353,0.7142857142857143,0.48484848484848486,0.4666666666666667,0.3448275862068966,0.4666666666666667,0.375,0.5333333333333333
0.6333333333333333,0.59375,0.6333333333333333,0.45454545454545453,0.6333333333333333,0.6785714285714286,0.5151515151515151,0.7142857142857143,0.5333333333333333,0.5625,0.6129032258064516,0.5151515151515151,0.6129032258064516,0.5483870967741935,0.7777777777777778,0.6333333333333333,0.5483870967741935,0.3888888888888889,0.6206896551724138,0.6896551724137931,0.5333333333333333,0.5625,0.5483870967741935,0.7,0.5625,0.6666666666666666,0.6206896551724138,0.48484848484848486,0.6206896551724138,0.6,0.6296296296296297,0.6,0.6551724137931034,0.46875,0.5806451612903226,0.7777777777777778,0.4411764705882353,0.6206896551724138,0.6333333333333333,0.5625,0.6785714285714286,0.4,0.7142857142857143,0.6,0.5161290322580645,0.5333333333333333,0.5454545454545454,0.5483870967741935,0.6129032258064516,0.4411764705882353,1,0.46875,0.6551724137931034,0.4827586206896552,0.4074074074074074,0.4827586206896552,0.5357142857142857,0.5517241379310345
0.5483870967741935,0.6129032258064516,0.7142857142857143,0.46875,0.6551724137931034,0.5862068965517241,0.48484848484848486,0.6206896551724138,0.5,0.6896551724137931,0.53125,0.6333333333333333,0.6333333333333333,0.7407407407407407,0.5666666666666667,0.6,0.7407407407407407,0.4411764705882353,0.5333333333333333,0.5,0.5517241379310345,0.5806451612903226,0.6206896551724138,0.6129032258064516,0.5806451612903226,0.6333333333333333,0.6428571428571429,0.6,0.5333333333333333,0.7407407407407407,0.6538461538461539,0.5161290322580645,0.5666666666666667,0.5333333333333333,0.6,0.6206896551724138,0.5,0.5862068965517241,0.5483870967741935,0.5806451612903226,0.6428571428571429,0.5483870967741935,0.46875,0.8076923076923077,0.7692307692307693,0.5517241379310345,0.47058823529411764,0.6206896551724138,0.5806451612903226,0.7142857142857143,0.46875,1,0.5161290322580645,0.4482758620689655,0.4230769230769231,0.4482758620689655,0.4482758620689655,0.5714285714285714
0.53125,0.7,0.6333333333333333,0.5,0.5806451612903226,0.6785714285714286,0.5151515151515151,0.6,0.4375,0.6666666666666666,0.5625,0.5625,0.6666666666666666,0.5483870967741935,0.7777777777777778,0.6333333333333333,0.5483870967741935,0.42857142857142855,0.46875,0.5806451612903226,0.6428571428571429,0.5151515151515151,0.5483870967741935,0.7586206896551724,0.5625,0.6666666666666666,0.6206896551724138,0.6333333333333333,0.5666666666666667,0.6,0.6923076923076923,0.7777777777777778,0.5483870967741935,0.5161290322580645,0.53125,0.6551724137931034,0.53125,0.6206896551724138,0.53125,0.7241379310344828,0.5666666666666667,0.48484848484848486,0.5,0.6551724137931034,0.5666666666666667,0.5333333333333333,0.59375,0.45454545454545453,0.6129032258064516,0.48484848484848486,0.6551724137931034,0.5161290322580645,1,0.4827586206896552,0.52,0.5357142857142857,0.6538461538461539,0.6666666666666666
0.5172413793103449,0.4838709677419355,0.4666666666666667,0.5925925925925926,0.6296296296296297,0.5,0.5517241379310345,0.43333333333333335,0.5769230769230769,0.5,0.6071428571428571,0.5,0.5517241379310345,0.43333333333333335,0.5925925925925926,0.5714285714285714,0.43333333333333335,0.36363636363636365,0.4482758620689655,0.6923076923076923,0.36666666666666664,0.6071428571428571,0.34375,0.6428571428571429,0.45161290322580644,0.5,0.5,0.41935483870967744,0.5,0.4827586206896552,0.6956521739130435,0.43333333333333335,0.5357142857142857,0.4482758620689655,0.41935483870967744,0.4827586206896552,0.5172413793103449,0.4482758620689655,0.5714285714285714,0.36363636363636365,0.5,0.41935483870967744,0.43333333333333335,0.4827586206896552,0.4,0.7083333333333334,0.3142857142857143,0.5357142857142857,0.45161290322580644,0.4666666666666667,0.4827586206896552,0.4482758620689655,0.4827586206896552,1,0.7368421052631579,0.9,0.5833333333333334,0.5384615384615384
0.39285714285714285,0.41379310344827586,0.4444444444444444,0.4074074074074074,0.5,0.48,0.3793103448275862,0.4074074074074074,0.38461538461538464,0.48148148148148145,0.42857142857142855,0.42857142857142855,0.48148148148148145,0.4074074074074074,0.52,0.5,0.4074074074074074,0.2903225806451613,0.37037037037037035,0.5,0.38461538461538464,0.42857142857142855,0.35714285714285715,0.5769230769230769,0.3793103448275862,0.48148148148148145,0.48,0.4444444444444444,0.37037037037037035,0.46153846153846156,0.7,0.46153846153846156,0.46153846153846156,0.37037037037037035,0.3448275862068966,0.46153846153846156,0.4444444444444444,0.37037037037037035,0.4444444444444444,0.3793103448275862,0.4230769230769231,0.39285714285714285,0.35714285714285715,0.46153846153846156,0.4230769230769231,0.5,0.3225806451612903,0.35714285714285715,0.42857142857142855,0.3448275862068966,0.4074074074074074,0.4230769230769231,0.52,0.7368421052631579,1,0.7368421052631579,0.65,0.5909090909090909
0.5172413793103449,0.4838709677419355,0.4666666666666667,0.5357142857142857,0.5714285714285714,0.5,0.5,0.43333333333333335,0.5185185185185185,0.5,0.5517241379310345,0.45161290322580644,0.5517241379310345,0.43333333333333335,0.5925925925925926,0.5172413793103449,0.43333333333333335,0.40625,0.4,0.6923076923076923,0.41379310344827586,0.5517241379310345,0.3870967741935484,0.6428571428571429,0.40625,0.5,0.5,0.4666666666666667,0.4482758620689655,0.4827586206896552,0.6956521739130435,0.4827586206896552,0.4827586206896552,0.5,0.375,0.4827586206896552,0.5714285714285714,0.4,0.5714285714285714,0.40625,0.5,0.4666666666666667,0.3870967741935484,0.4827586206896552,0.4482758620689655,0.64,0.35294117647058826,0.4827586206896552,0.45161290322580644,0.4666666666666667,0.4827586206896552,0.4482758620689655,0.5357142857142857,0.9,0.7368421052631579,1,0.6521739130434783,0.6
0.41935483870967744,0.4838709677419355,0.5172413793103449,0.3870967741935484,0.5172413793103449,0.5,0.36363636363636365,0.4827586206896552,0.41379310344827586,0.5,0.40625,0.40625,0.5,0.4827586206896552,0.5925925925925926,0.5172413793103449,0.43333333333333335,0.40625,0.3548387096774194,0.5714285714285714,0.4642857142857143,0.40625,0.43333333333333335,0.5862068965517241,0.40625,0.6071428571428571,0.5555555555555556,0.5172413793103449,0.3548387096774194,0.5925925925925926,0.6956521739130435,0.5925925925925926,0.4827586206896552,0.3548387096774194,0.41935483870967744,0.5357142857142857,0.41935483870967744,0.4,0.5172413793103449,0.5,0.5,0.41935483870967744,0.43333333333333335,0.5357142857142857,0.4482758620689655,0.4642857142857143,0.5333333333333333,0.3870967741935484,0.5,0.375,0.5357142857142857,0.4482758620689655,0.6538461538461539,0.5833333333333334,0.65,0.6521739130434783,1,0.6666666666666666
0.4838709677419355,0.5,0.5862068965517241,0.40625,0.5333333333333333,0.6923076923076923,0.38235294117647056,0.5517241379310345,0.43333333333333335,0.6206896551724138,0.42424242424242425,0.46875,0.5666666666666667,0.5,0.6071428571428571,0.5333333333333333,0.5517241379310345,0.34285714285714286,0.4666666666666667,0.5333333333333333,0.5357142857142857,0.42424242424242425,0.5,0.6551724137931034,0.42424242424242425,0.5666666666666667,0.6296296296296297,0.6428571428571429,0.375,0.5517241379310345,0.7083333333333334,0.6071428571428571,0.5,0.4666666666666667,0.4375,0.6071428571428571,0.5333333333333333,0.4666666666666667,0.5333333333333333,0.5161290322580645,0.6296296296296297,0.3939393939393939,0.5,0.5517241379310345,0.5714285714285714,0.4827586206896552,0.45454545454545453,0.45161290322580644,0.5666666666666667,0.5333333333333333,0.5517241379310345,0.5714285714285714,0.6666666666666666,0.5384615384615384,0.5909090909090909,0.6,0.6666666666666666,1
